Title,Singer,Year
"當年情","張國榮",1986
"有誰共鳴","張國榮",1986
"朋友","譚詠麟",1986
"無言感激","譚詠麟",1986
"幾許風雨","羅文",1986
"夢伴","梅艷芳",1986
"將冰山劈開","梅艷芳",1986
"絕對空虛","蔡楓華",1986
"千個太陽","葉德嫻、陳潔靈",1986
"傷感的戀人","黃凱芹",1986
"陪著你走","盧冠廷",1986
"遙遠的她","張學友",1986
"月半彎","張學友",1986
"妖女","梅艷芳",1986
"黑色午夜","張國榮",1986
"凝望","陳百強",1986
"誰令你心痴","張國榮、陳潔靈",1986
"第一滴淚","譚詠麟",1986
"痴心的我","張國榮",1986
"壞女孩","梅艷芳",1986
"只有情永在","張學友、鄺美雲",1986
"迷途","太極",1986
"吸煙的女人","Raidas",1986
"珍重","葉蒨文",1986
"跳舞街","陳慧嫻",1986
"太陽星辰","張學友",1987
"秋意中等我","劉德華、吳婉芳",1987
"知心當玩偶","譚詠麟",1987
"烈燄紅唇","梅艷芳",1987
"灰色","林憶蓮",1987
"石頭記","達明一派",1987
"無心睡眠","張國榮",1987
"似火探戈","梅艷芳",1987
"痴心眼內藏","陳百強",1987
"傾心","Raidas",1987
"傳說","Raidas",1987
"共同渡過","張國榮",1987
"倩女幽魂","張國榮",1987
"黎明不要來","葉蒨文",1987
"甜言蜜語","葉蒨文",1987
"蔓珠莎華","梅艷芳",1987
"激情","林憶蓮",1987
"早晨","林憶蓮",1987
"誠懇","鍾鎮濤",1987
"無邊的思憶","譚詠麟",1987
"冰封的心","陳百強",1987
"海誓山盟","林子祥",1987
"敢愛敢做","林子祥",1987
"祝福","葉蒨文",1988
"傻女","陳慧嫻",1988
"千載不變","溫拿",1988
"沉默是金","張國榮、許冠傑",1988
"真的漢子","林子祥",1988
"胭脂扣","梅艷芳",1988
"貼身","張國榮",1988
"Stand By Me","梅艷芳",1988
"交織千個心","許冠傑",1988
"滴汗","林憶蓮",1988
"講多錯多","林憶蓮",1988
"結他低泣時","夏韶聲",1988
"夢裡共醉","梅艷芳",1988
"人生何處不相逢","陳慧嫻",1988
"公子多情","劉美君",1988
"可能","王傑",1988
"還有","林憶蓮、王傑",1988
"忘情號","杜德偉",1988
"今天應該很高興","達明一派",1988
"煙雨淒迷","陳百強",1988
"半夢半醒","譚詠麟",1988
"水中花","譚詠麟",1988
"無需要太多","張國榮",1988
"從今以後","陳百強",1988
"迷惘","郭小霖",1988
"夕陽之歌","梅艷芳",1989
"千千闋歌","陳慧嫻",1989
"一生何求","陳百強",1989
"誰明浪子心","王傑",1989
"真的愛妳","Beyond",1989
"依然","林憶蓮",1989
"淑女","梅艷芳",1989
"夜機","陳慧嫻",1989
"留住我吧","太極",1989
"歲月無聲","Beyond",1989
"燒","林憶蓮",1989
"側面","張國榮",1989
"由零開始","張國榮",1989
"一生不變","李克勤",1989
"情義倆心知","譚詠麟",1989
"若生命等候","黃凱芹",1989
"難得有情人","關淑怡",1989
"星空下的戀人","關淑怡",1989
"Linda","張學友",1989
"天問","達明一派",1989
"歲月燃燒","草蜢",1989
"半點心","草蜢",1989
"伴侶","黃凱芹",1989
"你你好嗎","張立基",1989
"憑著愛","蘇芮",1989
"俾面派對","Beyond",1990
"焚心以火","葉蒨文",1990
"可不可以","劉德華",1990
"前塵","林憶蓮",1990
"眷戀","李克勤",1990
"光輝歲月","Beyond",1990
"相逢何必曾相識","蔣志光、韋綺姍",1990
"失戀","草蜢",1990
"說不出廢話","譚詠麟",1990
"夕陽醉了","張學友",1990
"心裡的陽光","葉蒨文",1990
"秋去秋來","葉蒨文",1990
"一千零一夜","李克勤",1990
"再會了","劉德華",1990
"絕望的笑容","劉德華",1990
"夢幻的笑容","譚詠麟",1990
"理想與和平","譚詠麟",1990
"無悔今生","曾航生",1990
"永遠愛著你","草蜢",1990
"情深緣淺","黃凱芹",1990
"破曉","林憶蓮",1990
"滄海一聲笑","許冠傑",1990
"天若有情","袁鳳瑛",1990
"傾斜","林憶蓮",1990
"李香蘭","張學友",1990
"每天愛妳多一些","張學友",1991
"對不起我愛妳","黎明",1991
"一生中最愛","譚詠麟",1991
"似是故人來","梅艷芳",1991
"壯志驕陽","張學友",1991
"一起走過的日子","劉德華",1991
"愛不完","劉德華",1991
"忘情森巴舞","草蜢",1991
"瘋狂的夜","林憶蓮",1991
"頂天立地","太極",1991
"Amani","Beyond",1991
"不再猶豫","Beyond",1991
"護花使者","李克勤",1991
"一顆不變心","張學友",1991
"今夜妳會不會來","黎明",1991
"情不禁","張學友",1991
"從未試過擁有","溫兆倫",1991
"皇后大道東","羅大佑、蔣志光",1991
"現代愛情故事","張智霖、許秋怡",1991
"信自己","葉蒨文、杜德偉",1991
"孤單背影","陳慧嫻",1991
"破曉時份","李克勤",1991
"戀一世的愛","關淑怡",1991
"不可不信緣","劉德華",1991
"恨在今天再相遇","方季惟",1991
"暗戀妳","張學友",1992
"容易受傷的女人","王菲",1992
"還是覺得你最好","張學友",1992
"真我的風采","劉德華",1992
"長夜多浪漫","劉德華",1992
"每一句說話","太極",1992
"真情流露","張學友",1992
"紅塵歲月","譚詠麟",1992
"我的親愛","黎明",1992
"我來自北京","黎明",1992
"情人知己","葉蒨文",1992
"醒醒","林憶蓮",1992
"寵愛","林憶蓮",1992
"彎彎的月亮","呂方",1992
"舊歡如夢","李克勤",1992
"紅日","李克勤",1992
"相思風雨中","張學友、湯寶如",1992
"愛得比你深","張學友",1992
"獨自去偷歡","劉德華",1992
"海角天涯","劉德華",1992
"親愛的您","陳百強",1992
"蝶戀花","黃凱芹",1992
"晚秋","黃凱芹",1992
"三分鐘放縱","草蜢",1992
"歲月流情","張學友",1992
"狂野之城","郭富城",1993
"祇想一生跟你走","張學友",1993
"夏日傾情","黎明",1993
"其實你心裡有沒有我","許志安、鄭秀文",1993
"海闊天空","Beyond",1993
"忘記他","張學友",1993
"等你等到我心痛","張學友",1993
"壞情人","羅文",1993
"廣播道Fans殺人事件","軟硬天師",1993
"你今天要走","葉蒨文",1993
"割愛","蘇永康",1993
"孤單的心痛","周慧敏",1993
"季候風","王菲",1993
"喜歡妳是妳","許志安",1993
"一人有一個夢想","黎瑞恩",1993
"總有你鼓勵","倫永亮、李國祥",1993
"答案就是你","劉德華",1993
"一首獨唱的歌","關淑怡",1993
"世界會變得很美","草蜢",1993
"如風","王菲",1993
"日出時讓戀愛終結","張學友",1993
"點解要大家笠","軟硬天師",1993
"執迷不悔","王菲",1993
"動地驚天愛戀過","鄭伊健",1993
"其實我愛你嗎","鄺美雲",1993
"那有一天不想你","黎明",1994
"誰人知","劉德華",1994
"怎麼天生不是女人","草蜢",1994
"鐵幕誘惑","郭富城",1994
"繾綣星光下","關淑怡",1994
"女人的弱點","葉蒨文",1994
"心酸的情歌","巫啟賢",1994
"昨遲人","許志安",1994
"餓狼傳說","張學友",1994
"來來回回","張學友",1994
"我等到花兒也謝了","張學友",1994
"夢中人","王菲",1994
"知己知彼","王菲",1994
"終有一天感動你","李樂詩",1994
"痛哭","郭富城",1994
"決心","林憶蓮",1994
"讓我跟你走","彭羚",1994
"未完的小說","彭羚",1994
"今天的愛人是誰","陳慧嫻",1994
"忘情水","劉德華",1994
"非一般煩惱","鄭秀文",1994
"昨天今天下雨天","彭羚",1994
"藍天與白雲","古巨基",1994
"一生愛你一個","鄭伊健",1994
"火舞艷陽","黎明",1994
"離開以後","張學友",1995
"春光乍洩","黃耀明",1995
"捨不得你","鄭秀文",1995
"濃情化不開","周華健",1995
"我寂寞","陳慧嫻",1995
"你沒有好結果","李蕙敏",1995
"秘密","李蕙敏",1995
"純真傳說","郭富城",1995
"其實我...我...我","古巨基",1995
"這麼近(那麼遠)","張學友",1995
"一生最愛就是你","黎明",1995
"危險情人","黎明",1995
"吻這半分鐘","鄭伊健",1995
"一個為你甘去蹈火海的人","鄭伊健",1995
"偷偷摸摸","李克勤",1995
"完全因你","彭羚",1995
"如夢初醒","彭羚",1995
"小玩意","彭羚",1995
"一切很美只因有你","陳慧琳",1995
"男唱女唱","黃耀明",1995
"傷信","陳奕迅",1995
"時代曲","陳奕迅",1995
"每隔兩秒","趙學而",1995
"失憶諒解備忘錄","郭富城",1995
"曖昧","王菲",1995
"妳的名字我的姓氏","張學友",1996
"你的男人","許志安",1996
"情深說話未曾講","黎明",1996
"發現","鄭伊健",1996
"仿如隔世","彭羚",1996
"每日一事先","趙學而",1996
"默契","鄭秀文",1996
"奇妙旅程","陳慧嫻",1996
"呼吸","梁漢文",1996
"友情歲月","鄭伊健",1996
"暗裡著迷","劉德華",1996
"絕對在乎你","劉德華",1996
"最激帝國","郭富城",1996
"聽風的歌","郭富城",1996
"風花雪","陳慧琳",1996
"誰願放手","陳慧琳",1996
"暗湧","王菲",1996
"放不低","鄭秀文",1996
"不拖不欠","鄭秀文",1996
"結他","陳曉東",1996
"了解你的所有","陳曉東",1996
"男人最痛","許志安",1996
"有心人","張國榮",1996
"每日一禁果","達明一派",1996
"狼來了","楊千嬅",1996
"只要為我愛一天","黎明",1997
"愛是永恆","張學友",1997
"我們的主題曲","鄭秀文",1997
"歡樂今宵","古巨基",1997
"明明深愛著你","李克勤",1997
"星夢情真","陳慧琳",1997
"親密關係","鄭秀文",1997
"不老的傳說","張學友",1997
"愛的呼喚","郭富城",1997
"有效日期","郭富城",1997
"時代的遊客","陳奕迅",1997
"與我常在","陳奕迅",1997
"傾城","許美靜",1997
"明知故犯","許美靜",1997
"抱緊眼前人","梅艷芳",1997
"約定","王菲",1997
"再見二丁目","楊千嬅",1997
"友共情","古巨基",1997
"愛您","許志安",1997
"人若然忘記了愛","鄭中基",1997
"搬屋","鄭中基",1997
"讓我先死","楊千嬅",1997
"星秀傳說","鄭秀文",1997
"無聲仿有聲","謝霆鋒",1997
"情來自有方","蘇永康",1997
"越吻越傷心","蘇永康",1998
"情誡","王菲",1998
"我這樣愛你","黎明",1998
"天下無雙","陳奕迅",1998
"唱這歌","郭富城",1998
"二人行一日後","許志安",1998
"理想對象","鄭秀文",1998
"頭髮亂了","張學友",1998
"不想這是場戲","張學友",1998
"愛你","許志安",1998
"哭泣遊戲","鄭秀文",1998
"祝你快樂","鄭秀文",1998
"掛念","劉德華",1998
"一變傾城","郭富城",1998
"死去活來","楊千嬅",1998
"愛人","楊千嬅",1998
"有過去的女人","楊千嬅",1998
"嚴重","陳慧琳",1998
"風裡密碼","郭富城",1998
"這些年來","張國榮",1998
"化妝","李克勤",1998
"不想獨自快樂","蘇永康",1998
"垃圾","盧巧音",1998
"早知","謝霆鋒",1998
"左右手","張國榮",1999
"插曲","鄭秀文",1999
"教我如何不愛他","許志安、葉德嫻",1999
"羅馬假期","古巨基",1999
"抬起我的頭來","楊千嬅",1999
"迫不得已","梁詠琪",1999
"眼睛想旅行","黎明",1999
"幸福摩天輪","陳奕迅",1999
"每一個明天","陳奕迅",1999
"未知","容祖兒",1999
"逃避你","容祖兒",1999
"對你太在乎","陳慧琳",1999
"都是你的錯","陳慧琳",1999
"郵差","王菲",1999
"償還","王菲",1999
"任何天氣","張柏芝",1999
"目的地","張柏芝",1999
"天煞孤星","鄭伊健",1999
"雙面人","鄭伊健",1999
"心只有你","劉德華",1999
"痛","劉德華",1999
"幻聽","張國榮",1999
"發熱發亮","鄭秀文",1999
"非走不可","謝霆鋒",1999
"完完全全為你","許志安",1999
"K歌之王","陳奕迅",2000
"少女的祈禱","楊千嬅",2000
"感情線上","鄭秀文",2000
"給自己的情書","王菲",2000
"一生一火花","張學友",2000
"誰來愛我","容祖兒",2000
"活著VIVA","謝霆鋒",2000
"祝君好","張智霖",2000
"會過去的","許志安、車婉婉",2000
"就算我做錯","陳慧珊",2000
"櫻花","李克勤",2000
"煞科","鄭秀文",2000
"花花宇宙","陳慧琳",2000
"大日子","陳慧琳",2000
"星期五檔案","陳慧琳",2000
"借借你肩膊","陳曉東",2000
"來到今天","李克勤、黃伊汶",2000
"打得火熱","陳奕迅",2000
"漩渦","彭羚、黃耀明",2000
"其實我介意","林漢洋、小雪",2000
"喜歡祖兒","容祖兒",2000
"無人駕駛","彭羚",2000
"深藍","盧巧音",2000
"晴天陰天雨天","鄭中基",2000
"半天假","許志安",2000
"Shall We Talk","陳奕迅",2001
"終身美麗","鄭秀文",2001
"爛泥","許志安",2001
"姊妹","楊千嬅",2001
"最愛演唱會","陳慧琳",2001
"痛愛","容祖兒",2001
"嫌棄","梁詠琪",2001
"色盲","王菲",2001
"迷魂記","王菲",2001
"怯","容祖兒",2001
"隆重登場","容祖兒",2001
"單車","陳奕迅",2001
"重新做人","梁漢文",2001
"玉蝴蝶","謝霆鋒",2001
"潛龍勿用","謝霆鋒",2001
"明愛暗戀補習社","Twins",2001
"女校男生","Twins",2001
"戀愛大過天","Twins",2001
"犯賤","陳小春",2001
"取消資格","陳小春",2001
"喜歡戀愛","盧巧音",2001
"有病呻吟","張學友",2001
"夏日Fiesta","劉德華",2001
"野孩子","楊千嬅",2001
"愛情當入樽","Twins",2001
"明年今日","陳奕迅",2002
"好心分手","盧巧音",2002
"傷逝","葉蒨文",2002
"爭氣","容祖兒",2002
"高妹","李克勤",2002
"高妹正傳","梁詠琪",2002
"女人之苦","許志安、梅艷芳",2002
"愛不釋手","李克勤",2002
"芳華絕代","梅艷芳、張國榮",2002
"人來人往","陳奕迅",2002
"飛天舞會","陳慧琳",2002
"有福氣","陳慧琳",2002
"抱抱","容祖兒",2002
"我們的紀念冊","Twins",2002
"眼紅紅","Twins",2002
"友誼第一","Twins",2002
"楊千嬅","楊千嬅",2002
"閃靈","楊千嬅",2002
"劃火柴","陳曉東",2002
"錫自己","許志安",2002
"羅馬","許志安",2002
"冥想","謝霆鋒",2002
"啟示錄","謝霆鋒",2002
"天生天養","劉德華",2002
"愛上殺手","麥浚龍",2002
"我的驕傲","容祖兒",2003
"七友","梁漢文",2003
"必殺技","古巨基",2003
"錯愛的呼喚","郭富城",2003
"十面埋伏","陳奕迅",2003
"先入為主","吳浩康",2003
"飛女正傳","楊千嬅",2003
"可惜我是水瓶座","楊千嬅",2003
"歲月如歌","陳奕迅",2003
"下一站天后","Twins",2003
"風箏與風","Twins",2003
"兩個女人","陳慧琳",2003
"她比我醜","陳慧琳",2003
"習慣失戀","容祖兒",2003
"心淡","容祖兒",2003
"愛一個人","李克勤、陳慧琳",2003
"合久必婚","李克勤",2003
"我不會唱歌","李克勤",2003
"一步一生","許志安",2003
"獻世","陳小春",2003
"啼笑姻緣","陳小春",2003
"落地開花","盧巧音",2003
"玻璃之情","張國榮",2003
"我代你哭","鄭中基",2003
"特別鳴謝","關心妍",2003
"愛與誠","古巨基",2004
"小城大事","楊千嬅",2004
"翡翠劇場","黃耀明",2004
"奇洛李維斯回信","薛凱琪",2004
"美中不足","許志安、葉德嫻",2004
"世上只有","容祖兒",2004
"空中飛人","李克勤",2004
"吻別的位置","李克勤",2004
"飲歌","Twins",2004
"女人味","Twins",2004
"洗剪吹","吳浩康",2004
"孩子王","吳浩康",2004
"艦隊","梁漢文",2004
"找我","梁漢文",2004
"假使我漂亮","關心妍",2004
"派對動物","Twins",2004
"大方","方力申",2004
"好心好報","方力申、鄧麗欣",2004
"艷光四射","何韻詩",2004
"886","薛凱琪",2004
"零四好玩","Twins",2004
"我們的合唱歌","Twins",2004
"丟架","Twins",2004
"處處吻","楊千嬅",2004
"麥當娜一吻","薛凱琪",2004
"夕陽無限好","陳奕迅",2005
"無賴","鄭中基",2005
"烈女","楊千嬅",2005
"天才與白痴","古巨基",2005
"情非首爾","李克勤",2005
"男孩像你","薛凱琪",2005
"勞斯萊斯","何韻詩",2005
"葡萄成熟時","陳奕迅",2005
"浮誇","陳奕迅",2005
"阿牛","陳奕迅",2005
"明日恩典","容祖兒",2005
"越唱越強","容祖兒",2005
"天之驕女","容祖兒",2005
"化蝶","何韻詩",2005
"藍鞋子","鄧麗欣",2005
"救生圈","Twins",2005
"森巴皇后","Twins",2005
"大風吹","許志安",2005
"ABC君","方力申",2005
"閉目入神","鄭中基",2005
"我們","草蜢",2005
"郎來了","楊千嬅",2005
"雌雄同體","麥浚龍",2005
"My Love My Fate","衛蘭",2005
"大哥","衛蘭",2005
"愛得太遲","古巨基",2006
"富士山下","陳奕迅",2006
"離家出走","衛蘭",2006
"華麗邂逅","容祖兒",2006
"裙下之臣","陳奕迅",2006
"紅綠燈","鄭融",2006
"愁人節","謝安琪",2006
"最佳損友","陳奕迅",2006
"落花流水","陳奕迅",2006
"幼稚園","Twins",2006
"尋找獨角獸","薛凱琪",2006
"糖不甩","薛凱琪",2006
"婚前的女人","李克勤",2006
"天水、圍城","李克勤",2006
"花灑","古巨基",2006
"羅曼蒂克","梁漢文",2006
"豬先生","許志安",2006
"大傻","楊千嬅",2006
"我的生存之道","楊千嬅",2006
"流行曲","林海峰",2006
"光明會","何韻詩",2006
"觀世音","劉德華",2006
"愛你變成恨你","吳雨霏",2006
"心照","鄭伊健",2006
"赤地雪","容祖兒",2006
"酷愛","張敬軒",2007
"逼得太緊","吳雨霏",2007
"愛回家","古巨基",2007
"化","楊千嬅",2007
"迷失表參道","張敬軒",2007
"木紋","何韻詩",2007
"講不出聲","關菊英",2007
"Crying In The Party","陳奕迅",2007
"時代巨輪","陳奕迅",2007
"零時零分","容祖兒",2007
"逃","容祖兒",2007
"鍾無艷","謝安琪",2007
"電燈膽","鄧麗欣",2007
"前程錦繡","許志安",2007
"愛一個上一課","容祖兒",2007
"陌路","楊千嬅",2007
"山歌","吳雨霏",2007
"全民皆估","農夫",2007
"風生水起","農夫",2007
"第一天","謝安琪",2007
"花落誰家","李克勤",2007
"錢錢錢錢","古巨基",2007
"自愛","孫耀威",2007
"男人KTV","側田",2007
"愛·無膽","洪卓立",2007
"囍帖街","謝安琪",2008
"櫻花樹下","張敬軒",2008
"撈月亮的人","楊千嬅",2008
"跑步機上","容祖兒",2008
"彌敦道","洪卓立",2008
"下次再做","古巨基",2008
"歌頌","陳奕迅",2008
"寫得太多","麥浚龍、倫永亮",2008
"韻律泳","何韻詩",2008
"其實我不快樂","鍾嘉欣",2008
"就算世界無童話","衛蘭",2008
"四面楚歌","關楚耀、謝安琪",2008
"悲哀代言人","關楚耀",2008
"貪嗔癡","陳奕迅",2008
"分手要狠","吳雨霏",2008
"I Miss You","陳柏宇",2008
"Where Did U Go","G.E.M.",2008
"一事無成","周柏豪、鄭融",2008
"睡公主","G.E.M.",2008
"眼睛不能沒眼淚","古巨基",2008
"十字街頭","謝安琪",2008
"與蝶同眠","容祖兒",2008
"宏願","周柏豪",2008
"三十日","側田",2008
"七百年後","陳奕迅",2009
"搜神記","容祖兒",2009
"發現號","RubberBand",2009
"弱水三千","麥浚龍",2009
"地球很危險","古巨基",2009
"年度之歌","謝安琪",2009
"你瞞我瞞","陳柏宇",2009
"雙冠軍","容祖兒",2009
"沙龍","陳奕迅",2009
"如果時間來到","林峯",2009
"祝英台","謝安琪",2009
"甜蜜蜜","薛凱琪",2009
"給自己的信","鍾舒漫",2009
"B.O.K.","側田",2009
"報告總司令","周柏豪",2009
"Yes & No","張敬軒",2009
"披星戴月","張敬軒",2009
"妮歌","何韻詩",2009
"舊約","何韻詩",2009
"獨男","古巨基",2009
"信者得愛","鄭秀文",2009
"阿波羅","RubberBand",2009
"妳太善良","張智霖",2009
"Here We Are","吳雨霏",2009
"於心有愧","陳奕迅",2009
"陀飛輪","陳奕迅",2010
"時代","古巨基",2010
"破相","容祖兒",2010
"男人信什麼","衛蘭、JW",2010
"一絲不掛","陳奕迅",2010
"脆弱","謝安琪",2010
"我們的胡士托","C AllStar",2010
"天梯","C AllStar",2010
"買一送一","陳奐仁、MC Jin",2010
"桃色冒險","容祖兒",2010
"歲月輕狂","李治廷",2010
"乞丐王子","周柏豪",2010
"最好不過","周柏豪",2010
"櫻吹雪","衛蘭",2010
"罪人","李克勤",2010
"澎湃","容祖兒",2010
"鋼鐵是怎樣煉成的","何韻詩",2010
"有時","周國賢",2010
"斗零踭","楊千嬅",2010
"飲酒思源","楊千嬅",2010
"錯過","蔡卓妍",2010
"愛在櫻花祭","張敬軒",2010
"綠野仙踪","容祖兒",2010
"Get Over You","G.E.M.",2010
"I'm Still Loving You","連詩雅",2010
"苦瓜","陳奕迅",2011
"那誰","蘇永康",2011
"六月飛霜","陳奕迅",2011
"牆紙","容祖兒",2011
"年年","蔡卓妍",2011
"陽光燦爛的日子","周國賢",2011
"尊嚴","陳柏宇",2011
"花千樹","容祖兒",2011
"戀春風","張敬軒",2011
"壯舉","張敬軒",2011
"P.S. I Love You","張敬軒",2011
"末日","王菀之",2011
"水百合","王菀之",2011
"痴情司","何韻詩",2011
"螞蟻","許廷鏗",2011
"出走","許廷鏗",2011
"厭棄","許廷鏗",2011
"藍色星球","洪卓立",2011
"仍然","關心妍",2011
"戀上外星人","張智霖",2011
"爆了","古巨基",2011
"陪著你走","RubberBand",2011
"遲D見","黎明",2011
"Beautiful Day","鄭伊健",2011
"黑","周柏豪",2011
"重口味","陳奕迅",2012
"留白","王菀之",2012
"睡火山","許志安",2012
"樹藤","林欣彤",2012
"戀無可戀","古巨基",2012
"年少無知","林保怡、陳豪、黃德斌",2012
"蜚蜚","陳僖儀",2012
"冷戰","鍾舒漫",2012
"雙子情歌","羅力威、容祖兒",2012
"斬立決","周柏豪",2012
"無力挽回","周柏豪",2012
"重新長大","許廷鏗",2012
"面具","許廷鏗",2012
"告白","吳雨霏",2012
"人非草木","吳雨霏",2012
"吳哥窟","吳雨霏",2012
"到此為止","連詩雅",2012
"好好過","連詩雅",2012
"只有一事不成全你","周柏豪",2012
"睜開眼","RubberBand",2012
"爛命鴛鴦","劉浩龍",2012
"大男人情歌","梁漢文",2012
"臨崖勒馬","謝安琪",2012
"命案","陳柏宇",2012
"Someday I'll Fly","G.E.M.",2012
"任我行","陳奕迅",2013
"青春頌","許廷鏗",2013
"天窗","容祖兒",2013
"狂舞吧","Dough-Boy、黃宇希",2013
"說一句","連詩雅",2013
"街燈晚餐","衛蘭",2013
"生我的命","吳雨霏",2013
"情人甲","許志安",2013
"哥歌","王菀之",2013
"活著","蔡卓妍",2013
"玫瑰的故事","Gin Lee",2013
"不許你注定一人","Dear Jane",2013
"講多變真","沈震軒",2013
"蝸牛","許廷鏗",2013
"半邊生命","周柏豪",2013
"我的宣言","周柏豪",2013
"非凡人生","鄭融",2013
"最好的時刻","謝安琪",2013
"另眼相看","容祖兒",2013
"負親","小肥",2013
"盲愛","劉德華、鄭秀文",2013
"囂張","吳雨霏",2013
"遠在咫尺","陳奕迅",2013
"是時候","張敬軒",2013
"讓子彈飛","陳柏宇",2013
"獨家村","謝安琪",2014
"越難越愛","吳若希",2014
"高山低谷","林奕匡",2014
"青春常駐","張敬軒",2014
"流淚行勝利道","許志安",2014
"留不低","吳雨霏",2014
"護航","許廷鏗",2014
"樂觀","容祖兒",2014
"天然呆","容祖兒",2014
"只要和你在一起","連詩雅",2014
"傳聞","周柏豪",2014
"同行","周柏豪",2014
"成長說明書","RubberBand",2014
"一","AGA",2014
"無名氏","鄭俊弘",2014
"熊貓","鄭俊弘",2014
"勢不兩立","謝安琪",2014
"獨活","洪卓立",2014
"愛我請留言","吳若希",2014
"好時辰","王菀之",2014
"用餘生去愛","張學友",2014
"逆來順受","關心妍",2014
"買不到的歲月","吳若希",2014
"最後最後","薛凱琪",2014
"錯過你","衛蘭",2014
"羅生門","麥浚龍、謝安琪",2015
"原來她不夠愛我","吳業坤",2015
"找對的人","張敬軒",2015
"最好的債","楊千嬅",2015
"矛盾一生","JW王灝兒",2015
"我們他們","王菀之",2015
"瑕疵","麥浚龍、莫文蔚",2015
"無條件","陳奕迅",2015
"過客別墅","張敬軒",2015
"遠征","Dear Jane",2015
"安徒生的錯","林奕匡",2015
"你是你本身的傳奇","方皓玟",2015
"香女人","謝安琪",2015
"所有下雨天","薛凱琪",2015
"仁至義盡","許廷鏗",2015
"眼淚的秘密","吳若希",2015
"挾持","RubberBand",2015
"逾越生死","C AllStar",2015
"哪一天我們會飛","黃淑蔓",2015
"雷克雅未克","麥浚龍、周國賢",2015
"明明","蔡卓妍",2015
"陽光點的歌","吳業坤",2015
"念念不忘","麥浚龍",2015
"女神","鄭欣宜",2016
"百姓","吳業坤",2016
"羅賓","張敬軒",2016
"四季","陳奕迅",2016
"聲音騷了","C AllStar",2016
"終於好天氣","方皓玟、RubberBand",2016
"卜卜卜","小塵埃",2016
"無人知道雙子座","容祖兒",2016
"愛情小品","林奕匡",2016
"哪裡只得我共你","Dear Jane",2016
"多少年","JW王灝兒",2016
"穿花蝴蝶","衛蘭",2016
"經過一些秋與冬","Dear Jane",2016
"雙雙","李幸倪",2016
"月球下的人","李幸倪",2016
"廣東歌","林海峰",2016
"舊街角","連詩雅",2016
"記住忘記我","許廷鏗",2016
"痛醒","許廷鏗",2016
"告別之前","陳柏宇",2016
"沒有你，我甚麼都不是","陳柏宇",2016
"專業失戀30年","C AllStar",2016
"山林道","謝安琪",2016
"非安全地帶","許志安",2016
"我的志願","許廷鏗",2016
"失魂記","李克勤",2017
"霸氣情歌","陳柏宇",2017
"缺","張敬軒",2017
"天敵","衛蘭",2017
"長相廝守","ToNick",2017
"神奇之旅","許廷鏗",2017
"傷心到變形","吳業坤",2017
"朋友身份","胡鴻鈞",2017
"到此一遊","胡鴻鈞",2017
"忘記我自己","菊梓喬",2017
"3AM","AGA",2017
"假使世界原來不像你預期","方皓玟",2017
"磚頭","陳柏宇",2017
"閱後即焚","陳柏宇",2017
"陪著你走","譚嘉儀",2017
"說再見了吧","Supper Moment",2017
"突然一生人","王菀之",2017
"兄兄我我","C AllStar",2017
"脫胎換骨","容祖兒",2017
"空姐","李幸倪",2017
"死亡之吻","關楚耀",2017
"孝順","吳業坤",2017
"安全感","JW王灝兒",2017
"萬中無一","閻奕格",2017
"帶著骨灰去旅行","洪卓立",2017
"百年樹木","張敬軒",2018
"老少平安","周柏豪",2018
"心之科學","容祖兒",2018
"漸漸","陳奕迅",2018
"認真如初","陳柏宇",2018
"寧願當初不相見","Dear Jane",2018
"錢七","麥浚龍",2018
"無期","AGA",2018
"小問題","AGA",2018
"凱旋門","吳業坤",2018
"停半分鐘聽一闋歌","許廷鏗",2018
"頌讚詩","林奕匡",2018
"橙海","Supper Moment",2018
"和好","鄧小巧",2018
"盡力呼吸","岑寧兒",2018
"其實寂寞","謝安琪",2018
"那怕最終只有我","吳浩康",2018
"但願人長久","菊梓喬",2018
"飛蛾撲火","菊梓喬",2018
"揮揮手","JW王灝兒",2018
"只有愛不足夠","鄧小巧",2018
"缺","張敬軒",2018
"未來見","RubberBand",2018
"我們都是這樣長大的","鄭秀文",2019
"忘記和記","麥浚龍、黎明",2019
"我們很好","林峯",2019
"人話","方皓玟",2019
"最後的信仰","林二汶",2019
"雲知道","梁詠琪",2019
"我們與愛的距離","許廷鏗",2019
"2084","Dear Jane",2019
"13樓的大笨象","鄭融",2019
"失戀的人站起來","吳業坤",2019
"讓愛高飛","周柏豪",2019
"船頭尺","吳浩康",2019
"一種永遠","容祖兒",2019
"Tonight","AGA",2019
"偷情的禮儀","謝安琪",2019
"情感的廢墟","麥浚龍",2019
"努力奮鬥加油","林海峰",2019
"逃生門","JW王灝兒",2019
"雲吞","鄧小巧",2019
"5:59pm","恭碩良、林憶蓮",2019
"初老","吳浩康",2019
"願","方皓玟",2019
"所以我愛","衛蘭",2019
"呼吸有害","莫文蔚",2020
"銀河修理員","Dear Jane",2020
"蒙著嘴說愛你","姜濤",2020
"一人之境","林家謙",2020
"是但求其愛","陳奕迅",2020
"隔離","JACE陳凱詠",2020
"水刑物語","柳應廷",2020
"無力感","許廷鏗",2020
"溝渠暢泳","泳兒",2020
"零分","JUDE",2020
"地球上的人","馮允謙",2020
"我該向下邁步","連詩雅",2020
"別為我好","許靖韻",2020
"IGNITED","MIRROR",2020
"感情這回事","陳柏宇",2020
"劫後餘生","周柏豪",2020
"我們很帥","ERROR",2020
"南昌街王子","薛凱琪",2020
"See You Next Time","AGA",2020
"萬惡不赦","梁釗峰",2020
"網絡安全隱患","Serrini",2020
"小夜燈","鄭欣宜",2020
"乾爹","關智斌",2020
"原始心態","吳業坤",2020
"帶走你的垃圾","衛蘭",2020
"俏郎君","張敬軒",2021
"E先生 連環不幸事件","呂爵安",2021
"我不如","曾比特",2021
"記憶棉","MC 張天賦",2021
"神奇的糊塗魔藥","林家謙",2021
"狂人日記","柳應廷",2021
"Megahit","盧瀚霆",2021
"先哭為敬","鄭欣宜",2021
"留下來的人","C AllStar",2021
"It's OK To Be Sad","衛蘭",2021
"不如恨我","吳浩康",2021
"荊棘海","泳兒",2021
"砂之器","柳應廷",2021
"BOSS","MIRROR",2021
"係咁先啦","MC $oHo & KidNey ft. Kayan9896",2021
"真話的清高","炎明熹",2021
"集合吧！地球保衛隊","C AllStar",2021
"關於愛的碎念","林奕匡",2021
"煙花紀","容祖兒",2021
"一表人才","呂爵安、邱鋒澤",2021
"10000 Days","JACE陳凱詠",2021
"不可愛教主","盧瀚霆",2021
"突如其來的心跳感覺","呂爵安、盧瀚霆",2021
"人類群星閃耀時","柳應廷",2021
"相信一切是最好的安排","陳蕾",2021
"老派約會之必要","MC 張天賦",2022
"某種老朋友","林家謙",2022
"我也難過的","吳林峰、謝芊彤",2022
"賽勒斯的愛","張敬軒",2022
"人啊人","陳奕迅",2022
"到底發生過什麼事","Dear Jane",2022
"下流社會","陳蕾",2022
"留一天與你喘息","陳卓賢",2022
"小心地滑","MC 張天賦",2022
"豐乳肥臀","鄭欣宜",2022
"憶年","謝安琪",2022
"飛鳥俠","布志綸",2022
"只要你不尷尬","洪嘉豪",2022
"污糟佬","洪嘉豪",2022
"報復式浪漫","馮允謙",2022
"明天見","容祖兒",2022
"好想約你","炎明熹",2022
"We All Are","MIRROR",2022
"呼吸之間","衛蘭",2022
"葉落冰川","泳兒",2022
"創作者的派對","陳健安",2022
"難道我還未夠難","葉巧琳",2022
"掉進海的眼淚","洪嘉豪",2022
"樹木真美","Serrini",2022
"距離","陳卓賢",2022
"隱形遊樂場","張敬軒",2023
"盲婚啞嫁","陳奕迅",2023
"世一","MC 張天賦",2023
"微時","許廷鏗",2023
"伸縮自如的愛","陳蕾",2023
"萬一你是個好人","林家謙",2023
"企好","Gin Lee",2023
"Dum Dum","Gin Lee",2023
"收到收到","馮允謙",2023
"仍然是那個少年","陳健安",2023
"Little Magic","炎明熹",2023
"不如散步","RubberBand",2023
"塵大師","陳奕迅",2023
"人散曲未終","姚焯菲",2023
"Dear Myself","尹光",2023
"再見寧靜海","陳卓賢",2023
"國際孤獨等級","Gareth.T",2023
"台前幕後","林奕匡",2023
"第二代","吳業坤",2023
"枱底隧道","Nancy Kwai",2023
"同歸於盡","泳兒",2023
"給你幸福 所以幸福","黎明",2023
"一把火","Lolly Talk",2023
"遺忘了初心的我們","魏浚笙",2023
"第一管弦樂團","魏浚笙",2023
"會再見的","馮允謙",2024
"間歇性休眠","JACE陳凱詠",2024
"9秒9","容祖兒",2024
"回憶半分鐘","雲浩影",2024
"至少做一件離譜的事","Kiri T",2024
"藝術與科學","林奕匡、葉巧琳、黃妍",2024
"黑玻璃","洪嘉豪",2024
"緊急聯絡人","Gareth.T",2024
"戀愛腦之死","陳健安",2024
"一對受害人","曾比特",2024
"最難行的路","鄭欣宜",2024
"約定的夢幻島","吳林峰",2024
"念","陳蕾",2024
"三生有幸","周殷廷",2024
"趁你旅行時搬走","moon tang",2024
"如果我不曾走向你","吳若希",2024
"九千九百九十九個我","Lolly Talk",2024
"神愛世人","甄濟如",2024
"魔氈","曾比特",2024
"青春告別式","張敬軒",2024
"青春只剩一滴眼淚","陳健安",2024
"網戀神仙","陳柏宇",2024
"撞板","泳兒",2024
"Lost at first sight","陳卓賢",2024
"衰仔樂園","洪嘉豪",2024
"用背脊唱情歌","Gareth.T",2025
"50/50","謝安琪",2025
"白色踢死兔","魏浚笙",2025
"無糖可樂","泳兒",2025
"逆旅","The Hertz",2025
"我所看見的未來","陳柏宇",2025
"你流淚所以我流淚","Dear Jane",2025
"吉卜力","馮允謙",2025
"白夜行","Gin Lee",2025
"懷疑人生","MC 張天賦",2025
"不遲不早","陳健安",2025
"痛痛快快活活去","Pandora",2025
"我看見今晚的月色很美，你呢？","晚安莉莉",2025
"玩偶奇遇記","陳卓賢",2025
"說謊者","MC 張天賦",2025
"孤獨美食家","魏浚笙",2025
"SSS","COLLAR",2025
"沒終點的青春","柳應廷",2025
"全世界停電第二年","Gordon Flanders",2025
"二十還好","KOLOR",2025
"無名指","陳卓賢",2025
"旁若無人","陳柏宇",2025
"練習Baby Steps","雷同二友",2025
"Let go","Nancy Kwai",2025
"By My Side","張敬軒、Tyson Yoshi",2025